site,season,model,pred_len,seed,scale,mae,rmse,r2,mbe,epochs_run,train_seconds
7-First-Solar,Spring,GSTFM,1,42,std,0.0757,0.1983,0.9574,0.0196,150,134.01
7-First-Solar,Spring,GSTFM,1,42,kw,0.1427,0.3737,0.9574,0.0369,150,134.01
7-First-Solar,Spring,GSTFM-wo_agcf,1,42,std,0.0792,0.1997,0.9567,0.0168,116,82.44
7-First-Solar,Spring,GSTFM-wo_agcf,1,42,kw,0.1493,0.3764,0.9567,0.0316,116,82.44
7-First-Solar,Spring,GSTFM-wo_tfcr,1,42,std,0.0792,0.1955,0.9586,0.0165,150,124.65
7-First-Solar,Spring,GSTFM-wo_tfcr,1,42,kw,0.1493,0.3684,0.9586,0.0312,150,124.65
7-First-Solar,Spring,GSTFM-wo_both,1,42,std,0.0801,0.2023,0.9556,0.014,70,57.37
7-First-Solar,Spring,GSTFM-wo_both,1,42,kw,0.151,0.3812,0.9556,0.0264,70,57.37
7-First-Solar,Spring,GSTFM-mlp_head,1,42,std,0.0763,0.1963,0.9582,0.019,110,87.08
7-First-Solar,Spring,GSTFM-mlp_head,1,42,kw,0.1438,0.37,0.9582,0.0358,110,87.08
7-First-Solar,Spring,GSTFM-se_gate,1,42,std,0.0784,0.2002,0.9565,0.0179,93,71.41
7-First-Solar,Spring,GSTFM-se_gate,1,42,kw,0.1477,0.3773,0.9565,0.0337,93,71.41
7-First-Solar,Summer,GSTFM,1,42,std,0.0291,0.0702,0.996,0.0033,135,107.32
7-First-Solar,Summer,GSTFM,1,42,kw,0.0524,0.1264,0.996,0.0059,135,107.32
7-First-Solar,Summer,GSTFM-wo_agcf,1,42,std,0.0302,0.0675,0.9963,-0.0041,66,46.16
7-First-Solar,Summer,GSTFM-wo_agcf,1,42,kw,0.0544,0.1214,0.9963,-0.0073,66,46.16
7-First-Solar,Summer,GSTFM-wo_tfcr,1,42,std,0.0307,0.0708,0.9959,-0.0019,132,102.8
7-First-Solar,Summer,GSTFM-wo_tfcr,1,42,kw,0.0552,0.1274,0.9959,-0.0034,132,102.8
7-First-Solar,Summer,GSTFM-wo_both,1,42,std,0.0302,0.0675,0.9963,-0.0041,66,45.81
7-First-Solar,Summer,GSTFM-wo_both,1,42,kw,0.0544,0.1214,0.9963,-0.0073,66,45.81
7-First-Solar,Summer,GSTFM-mlp_head,1,42,std,0.0342,0.0747,0.9954,-0.0008,57,39.61
7-First-Solar,Summer,GSTFM-mlp_head,1,42,kw,0.0616,0.1344,0.9954,-0.0014,57,39.61
7-First-Solar,Summer,GSTFM-se_gate,1,42,std,0.0288,0.0696,0.996,0.0018,110,80.3
7-First-Solar,Summer,GSTFM-se_gate,1,42,kw,0.0518,0.1253,0.996,0.0032,110,80.3
7-First-Solar,Autumn,GSTFM,1,42,std,0.0536,0.1428,0.9752,-0.0052,104,97.95
7-First-Solar,Autumn,GSTFM,1,42,kw,0.0983,0.262,0.9752,-0.0096,104,97.95
7-First-Solar,Autumn,GSTFM-wo_agcf,1,42,std,0.0617,0.1712,0.9644,0.0044,68,59.84
7-First-Solar,Autumn,GSTFM-wo_agcf,1,42,kw,0.1133,0.3142,0.9644,0.0082,68,59.84
7-First-Solar,Autumn,GSTFM-wo_tfcr,1,42,std,0.0529,0.1419,0.9755,-0.0047,101,102.05
7-First-Solar,Autumn,GSTFM-wo_tfcr,1,42,kw,0.0971,0.2605,0.9755,-0.0086,101,102.05
7-First-Solar,Autumn,GSTFM-wo_both,1,42,std,0.0588,0.1632,0.9676,0.0073,65,61.63
7-First-Solar,Autumn,GSTFM-wo_both,1,42,kw,0.108,0.2995,0.9676,0.0135,65,61.63
7-First-Solar,Autumn,GSTFM-mlp_head,1,42,std,0.0507,0.1344,0.978,0.003,47,49.22
7-First-Solar,Autumn,GSTFM-mlp_head,1,42,kw,0.093,0.2467,0.978,0.0056,47,49.22
7-First-Solar,Autumn,GSTFM-se_gate,1,42,std,0.0533,0.142,0.9755,-0.005,61,61.58
7-First-Solar,Autumn,GSTFM-se_gate,1,42,kw,0.0979,0.2606,0.9755,-0.0092,61,61.58
7-First-Solar,Winter,GSTFM,1,42,std,0.0227,0.0976,0.9915,0.0032,104,113.43
7-First-Solar,Winter,GSTFM,1,42,kw,0.0395,0.1696,0.9915,0.0055,104,113.43
7-First-Solar,Winter,GSTFM-wo_agcf,1,42,std,0.0318,0.127,0.9856,0.0169,85,89.47
7-First-Solar,Winter,GSTFM-wo_agcf,1,42,kw,0.0553,0.2206,0.9856,0.0294,85,89.47
7-First-Solar,Winter,GSTFM-wo_tfcr,1,42,std,0.0227,0.0971,0.9916,0.0024,92,100.8
7-First-Solar,Winter,GSTFM-wo_tfcr,1,42,kw,0.0394,0.1687,0.9916,0.0042,92,100.8
7-First-Solar,Winter,GSTFM-wo_both,1,42,std,0.0281,0.1124,0.9887,0.014,62,55.05
7-First-Solar,Winter,GSTFM-wo_both,1,42,kw,0.0489,0.1953,0.9887,0.0244,62,55.05
7-First-Solar,Winter,GSTFM-mlp_head,1,42,std,0.025,0.1005,0.991,0.0016,37,34.49
7-First-Solar,Winter,GSTFM-mlp_head,1,42,kw,0.0434,0.1746,0.991,0.0028,37,34.49
7-First-Solar,Winter,GSTFM-se_gate,1,42,std,0.0228,0.0963,0.9917,0.0024,86,77.54
7-First-Solar,Winter,GSTFM-se_gate,1,42,kw,0.0396,0.1673,0.9917,0.0042,86,77.54
7-First-Solar,Spring,GSTFM,16,42,std,0.1387,0.3275,0.883,0.0491,102,82.62
7-First-Solar,Spring,GSTFM,16,42,kw,0.2615,0.6173,0.883,0.0925,102,82.62
7-First-Solar,Spring,GSTFM-wo_agcf,16,42,std,0.1595,0.3937,0.8307,0.0937,114,81.62
7-First-Solar,Spring,GSTFM-wo_agcf,16,42,kw,0.3006,0.7421,0.8307,0.1765,114,81.62
7-First-Solar,Spring,GSTFM-wo_tfcr,16,42,std,0.1353,0.3214,0.8873,0.043,141,113.14
7-First-Solar,Spring,GSTFM-wo_tfcr,16,42,kw,0.255,0.6058,0.8873,0.0811,141,113.14
7-First-Solar,Spring,GSTFM-wo_both,16,42,std,0.159,0.3947,0.8299,0.0934,73,53.57
7-First-Solar,Spring,GSTFM-wo_both,16,42,kw,0.2996,0.7439,0.8299,0.176,73,53.57
7-First-Solar,Spring,GSTFM-mlp_head,16,42,std,0.1484,0.3493,0.8669,0.0768,92,68.05
7-First-Solar,Spring,GSTFM-mlp_head,16,42,kw,0.2797,0.6582,0.8669,0.1447,92,68.05
7-First-Solar,Spring,GSTFM-se_gate,16,42,std,0.1406,0.3381,0.8753,0.0628,149,114.83
7-First-Solar,Spring,GSTFM-se_gate,16,42,kw,0.2649,0.6372,0.8753,0.1183,149,114.83
7-First-Solar,Summer,GSTFM,16,42,std,0.0398,0.0827,0.9944,0.0029,85,65.14
7-First-Solar,Summer,GSTFM,16,42,kw,0.0717,0.1488,0.9944,0.0053,85,65.14
7-First-Solar,Summer,GSTFM-wo_agcf,16,42,std,0.0584,0.1096,0.9902,-0.0165,70,48.77
7-First-Solar,Summer,GSTFM-wo_agcf,16,42,kw,0.105,0.1973,0.9902,-0.0297,70,48.77
7-First-Solar,Summer,GSTFM-wo_tfcr,16,42,std,0.0441,0.0853,0.9941,0.0023,59,45.0
7-First-Solar,Summer,GSTFM-wo_tfcr,16,42,kw,0.0794,0.1536,0.9941,0.0042,59,45.0
7-First-Solar,Summer,GSTFM-wo_both,16,42,std,0.0538,0.1058,0.9909,-0.0173,72,51.99
7-First-Solar,Summer,GSTFM-wo_both,16,42,kw,0.0969,0.1904,0.9909,-0.0312,72,51.99
7-First-Solar,Summer,GSTFM-mlp_head,16,42,std,0.049,0.0921,0.9931,-0.0092,59,42.4
7-First-Solar,Summer,GSTFM-mlp_head,16,42,kw,0.0882,0.1658,0.9931,-0.0165,59,42.4
7-First-Solar,Summer,GSTFM-se_gate,16,42,std,0.0434,0.0851,0.9941,-0.0022,58,43.45
7-First-Solar,Summer,GSTFM-se_gate,16,42,kw,0.0781,0.1531,0.9941,-0.004,58,43.45
7-First-Solar,Autumn,GSTFM,16,42,std,0.0988,0.291,0.8955,0.0118,150,141.49
7-First-Solar,Autumn,GSTFM,16,42,kw,0.1814,0.534,0.8955,0.0216,150,141.49
7-First-Solar,Autumn,GSTFM-wo_agcf,16,42,std,0.1331,0.329,0.8664,0.0467,139,129.31
7-First-Solar,Autumn,GSTFM-wo_agcf,16,42,kw,0.2443,0.6037,0.8664,0.0858,139,129.31
7-First-Solar,Autumn,GSTFM-wo_tfcr,16,42,std,0.0993,0.2932,0.8939,0.0062,150,141.95
7-First-Solar,Autumn,GSTFM-wo_tfcr,16,42,kw,0.1822,0.5381,0.8939,0.0114,150,141.95
7-First-Solar,Autumn,GSTFM-wo_both,16,42,std,0.1322,0.3217,0.8722,0.045,131,121.45
7-First-Solar,Autumn,GSTFM-wo_both,16,42,kw,0.2426,0.5904,0.8722,0.0825,131,121.45
7-First-Solar,Autumn,GSTFM-mlp_head,16,42,std,0.0996,0.286,0.899,0.0215,150,133.69
7-First-Solar,Autumn,GSTFM-mlp_head,16,42,kw,0.1828,0.5249,0.899,0.0395,150,133.69
7-First-Solar,Autumn,GSTFM-se_gate,16,42,std,0.0987,0.2908,0.8956,0.0097,150,138.49
7-First-Solar,Autumn,GSTFM-se_gate,16,42,kw,0.1812,0.5337,0.8956,0.0177,150,138.49
7-First-Solar,Winter,GSTFM,16,42,std,0.0331,0.1384,0.9827,0.0047,72,71.24
7-First-Solar,Winter,GSTFM,16,42,kw,0.0576,0.2405,0.9827,0.0082,72,71.24
7-First-Solar,Winter,GSTFM-wo_agcf,16,42,std,0.034,0.1356,0.9834,0.0208,90,85.76
7-First-Solar,Winter,GSTFM-wo_agcf,16,42,kw,0.059,0.2356,0.9834,0.0361,90,85.76
7-First-Solar,Winter,GSTFM-wo_tfcr,16,42,std,0.0337,0.1382,0.9827,0.0047,59,59.68
7-First-Solar,Winter,GSTFM-wo_tfcr,16,42,kw,0.0586,0.2402,0.9827,0.0082,59,59.68
7-First-Solar,Winter,GSTFM-wo_both,16,42,std,0.0347,0.1358,0.9833,0.0219,80,77.68
7-First-Solar,Winter,GSTFM-wo_both,16,42,kw,0.0603,0.236,0.9833,0.0381,80,77.68
7-First-Solar,Winter,GSTFM-mlp_head,16,42,std,0.0342,0.1431,0.9815,0.0085,67,62.78
7-First-Solar,Winter,GSTFM-mlp_head,16,42,kw,0.0594,0.2487,0.9815,0.0148,67,62.78
7-First-Solar,Winter,GSTFM-se_gate,16,42,std,0.0325,0.1387,0.9826,0.0053,83,79.5
7-First-Solar,Winter,GSTFM-se_gate,16,42,kw,0.0565,0.241,0.9826,0.0091,83,79.5
