file,filter,n,pct_removed,mae,rmse,r2,mbe,mae_chg_pct,rmse_chg_pct,r2_chg_pct,mbe_chg_pct,r2_delta,mbe_delta
predictions_7-First-Solar_Autumn_dlinear.csv,all,662,0.000000,0.173151,0.420013,0.936336,0.006492,0.000000,0.000000,0.000000,0.000000,0.000000,0.000000
predictions_7-First-Solar_Autumn_dlinear.csv,daylight,297,55.135952,0.360930,0.624765,0.851075,0.025632,108.447676,48.749178,-9.105775,294.822214,-0.085261,0.019140
predictions_7-First-Solar_Autumn_dlinear.csv,clock,360,45.619335,0.312852,0.569449,0.895169,0.013717,80.681624,35.578947,-4.396529,111.279571,-0.041166,0.007224
predictions_7-First-Solar_Autumn_fedformer.csv,all,662,0.000000,0.219806,0.313120,0.964617,0.023455,0.000000,0.000000,0.000000,0.000000,0.000000,0.000000
predictions_7-First-Solar_Autumn_fedformer.csv,daylight,297,55.135952,0.319754,0.423332,0.931625,0.197538,45.470923,35.198029,-3.420202,742.210678,-0.032992,0.174084
predictions_7-First-Solar_Autumn_fedformer.csv,clock,360,45.619335,0.313581,0.404588,0.947082,0.116060,42.662377,29.211726,-1.817841,394.826584,-0.017535,0.092606
predictions_7-First-Solar_Autumn_gstfm.csv,all,662,0.000000,0.097132,0.260466,0.975516,-0.008600,0.000000,0.000000,0.000000,0.000000,0.000000,0.000000
predictions_7-First-Solar_Autumn_gstfm.csv,daylight,297,55.135952,0.211303,0.388355,0.942457,-0.021993,117.541835,49.100037,-3.388908,-155.730186,-0.033059,-0.013393
predictions_7-First-Solar_Autumn_gstfm.csv,clock,360,45.619335,0.176634,0.353185,0.959674,-0.016153,81.848547,35.597181,-1.623985,-87.819127,-0.015842,-0.007553
predictions_7-First-Solar_Autumn_itransformer.csv,all,662,0.000000,0.098819,0.255996,0.976350,0.001520,0.000000,0.000000,0.000000,0.000000,0.000000,0.000000
predictions_7-First-Solar_Autumn_itransformer.csv,daylight,297,55.135952,0.215086,0.382072,0.944304,0.002212,117.656413,49.248896,-3.282176,45.541816,-0.032046,0.000692
predictions_7-First-Solar_Autumn_itransformer.csv,clock,360,45.619335,0.179218,0.347123,0.961047,0.002494,81.360649,35.596804,-1.567366,64.092092,-0.015303,0.000974
predictions_7-First-Solar_Autumn_timesnet.csv,all,662,0.000000,0.126882,0.273657,0.972974,0.000637,0.000000,0.000000,0.000000,0.000000,0.000000,0.000000
predictions_7-First-Solar_Autumn_timesnet.csv,daylight,297,55.135952,0.242438,0.405611,0.937230,0.037798,91.073626,48.218723,-3.673683,5832.773403,-0.035744,0.037161
predictions_7-First-Solar_Autumn_timesnet.csv,clock,360,45.619335,0.212265,0.369889,0.955769,0.019877,67.293314,35.165243,-1.768225,3019.990071,-0.017204,0.019240
predictions_7-First-Solar_Spring_dlinear.csv,all,636,0.000000,0.211498,0.456626,0.936335,-0.005601,0.000000,0.000000,0.000000,0.000000,0.000000,0.000000
predictions_7-First-Solar_Spring_dlinear.csv,daylight,326,48.742138,0.379459,0.629167,0.873072,-0.011745,79.415093,37.786022,-6.756468,-109.704573,-0.063263,-0.006144
predictions_7-First-Solar_Spring_dlinear.csv,clock,345,45.754717,0.371385,0.618265,0.884031,0.000077,75.597695,35.398506,-5.586072,101.377768,-0.052304,0.005678
predictions_7-First-Solar_Spring_fedformer.csv,all,636,0.000000,0.239984,0.398095,0.951610,0.051125,0.000000,0.000000,0.000000,0.000000,0.000000,0.000000
predictions_7-First-Solar_Spring_fedformer.csv,daylight,326,48.742138,0.369758,0.538327,0.907078,0.124312,54.076423,35.225751,-4.679685,143.151651,-0.044532,0.073186
predictions_7-First-Solar_Spring_fedformer.csv,clock,345,45.754717,0.362481,0.527836,0.915473,0.127220,51.044073,32.590545,-3.797437,148.839966,-0.036137,0.076095
predictions_7-First-Solar_Spring_gstfm.csv,all,636,0.000000,0.142814,0.372592,0.957612,0.034273,0.000000,0.000000,0.000000,0.000000,0.000000,0.000000
predictions_7-First-Solar_Spring_gstfm.csv,daylight,326,48.742138,0.262744,0.517187,0.914233,0.056586,83.976415,38.808023,-4.529928,65.101443,-0.043379,0.022312
predictions_7-First-Solar_Spring_gstfm.csv,clock,345,45.754717,0.254687,0.505489,0.922479,0.059847,78.334984,35.668225,-3.668744,74.616011,-0.035132,0.025573
predictions_7-First-Solar_Spring_itransformer.csv,all,636,0.000000,0.135593,0.339395,0.964829,0.000038,0.000000,0.000000,0.000000,0.000000,0.000000,0.000000
predictions_7-First-Solar_Spring_itransformer.csv,daylight,326,48.742138,0.246758,0.465710,0.930456,-0.013195,81.984583,37.217671,-3.562515,-34578.179069,-0.034372,-0.013233
predictions_7-First-Solar_Spring_itransformer.csv,clock,345,45.754717,0.241186,0.460285,0.935724,-0.004898,77.875649,35.619313,-3.016539,-12899.457397,-0.029104,-0.004937
predictions_7-First-Solar_Spring_timesnet.csv,all,636,0.000000,0.158489,0.348094,0.963003,0.006823,0.000000,0.000000,0.000000,0.000000,0.000000,0.000000
predictions_7-First-Solar_Spring_timesnet.csv,daylight,326,48.742138,0.278609,0.475434,0.927522,0.006048,75.791532,36.582165,-3.684380,-11.365915,-0.035481,-0.000776
predictions_7-First-Solar_Spring_timesnet.csv,clock,345,45.754717,0.273414,0.471534,0.932544,0.015003,72.513301,35.461857,-3.162876,119.893454,-0.030459,0.008180
predictions_7-First-Solar_Summer_dlinear.csv,all,605,0.000000,0.106537,0.179673,0.991826,0.000296,0.000000,0.000000,0.000000,0.000000,0.000000,0.000000
predictions_7-First-Solar_Summer_dlinear.csv,daylight,300,50.413223,0.174902,0.241893,0.981223,0.023622,64.169535,34.629294,-1.069009,7892.006886,-0.010603,0.023327
predictions_7-First-Solar_Summer_dlinear.csv,clock,325,46.280992,0.168159,0.233740,0.984650,0.028516,57.840577,30.091487,-0.723448,9547.848510,-0.007175,0.028221
predictions_7-First-Solar_Summer_fedformer.csv,all,605,0.000000,0.083379,0.137459,0.995216,0.033823,0.000000,0.000000,0.000000,0.000000,0.000000,0.000000
predictions_7-First-Solar_Summer_fedformer.csv,daylight,300,50.413223,0.116290,0.181107,0.989474,0.073385,39.471761,31.753309,-0.576887,116.966066,-0.005741,0.039562
predictions_7-First-Solar_Summer_fedformer.csv,clock,325,46.280992,0.113574,0.176086,0.991289,0.073935,36.214134,28.100737,-0.394578,118.592603,-0.003927,0.040112
predictions_7-First-Solar_Summer_gstfm.csv,all,605,0.000000,0.055183,0.127377,0.995892,-0.003400,0.000000,0.000000,0.000000,0.000000,0.000000,0.000000
predictions_7-First-Solar_Summer_gstfm.csv,daylight,300,50.413223,0.107105,0.180772,0.989513,-0.006178,94.088830,41.918645,-0.640476,-81.683094,-0.006378,-0.002777
predictions_7-First-Solar_Summer_gstfm.csv,clock,325,46.280992,0.099569,0.173723,0.991521,-0.005301,80.432974,36.384804,-0.438877,-55.887559,-0.004371,-0.001900
predictions_7-First-Solar_Summer_itransformer.csv,all,605,0.000000,0.051976,0.125975,0.995982,-0.005773,0.000000,0.000000,0.000000,0.000000,0.000000,0.000000
predictions_7-First-Solar_Summer_itransformer.csv,daylight,300,50.413223,0.099465,0.178723,0.989750,-0.009100,91.365488,41.871928,-0.625715,-57.638602,-0.006232,-0.003327
predictions_7-First-Solar_Summer_itransformer.csv,clock,325,46.280992,0.092418,0.171744,0.991713,-0.008273,77.806461,36.332145,-0.428584,-43.306145,-0.004269,-0.002500
predictions_7-First-Solar_Summer_timesnet.csv,all,605,0.000000,0.061083,0.126364,0.995957,-0.004787,0.000000,0.000000,0.000000,0.000000,0.000000,0.000000
predictions_7-First-Solar_Summer_timesnet.csv,daylight,300,50.413223,0.102758,0.177333,0.989908,0.009360,68.227661,40.335229,-0.607293,295.544447,-0.006048,0.014147
predictions_7-First-Solar_Summer_timesnet.csv,clock,325,46.280992,0.097925,0.170784,0.991805,0.006110,60.315194,35.152601,-0.416824,227.649404,-0.004151,0.010897
predictions_7-First-Solar_Winter_dlinear.csv,all,659,0.000000,0.072325,0.241364,0.982742,0.003891,0.000000,0.000000,0.000000,0.000000,0.000000,0.000000
predictions_7-First-Solar_Winter_dlinear.csv,daylight,300,54.476480,0.149359,0.357305,0.950347,0.009823,106.512189,48.035731,-3.296386,152.475195,-0.032395,0.005932
predictions_7-First-Solar_Winter_dlinear.csv,clock,362,45.068285,0.127098,0.325545,0.968764,0.008281,75.732972,34.877049,-1.422327,112.827935,-0.013978,0.004390
predictions_7-First-Solar_Winter_fedformer.csv,all,659,0.000000,0.123576,0.230673,0.984237,-0.008418,0.000000,0.000000,0.000000,0.000000,0.000000,0.000000
predictions_7-First-Solar_Winter_fedformer.csv,daylight,300,54.476480,0.185519,0.324713,0.958992,0.038457,50.125460,40.767206,-2.564888,556.844226,-0.025245,0.046875
predictions_7-First-Solar_Winter_fedformer.csv,clock,362,45.068285,0.171361,0.299880,0.973495,0.024597,38.668395,30.001819,-1.091381,392.188814,-0.010742,0.033015
predictions_7-First-Solar_Winter_gstfm.csv,all,659,0.000000,0.039705,0.170196,0.991419,0.005867,0.000000,0.000000,0.000000,0.000000,0.000000,0.000000
predictions_7-First-Solar_Winter_gstfm.csv,daylight,300,54.476480,0.084447,0.252139,0.975274,0.011802,112.685976,48.146470,-1.628422,101.157268,-0.016144,0.005935
predictions_7-First-Solar_Winter_gstfm.csv,clock,362,45.068285,0.070867,0.229608,0.984462,0.010080,78.482825,34.907994,-0.701744,71.813978,-0.006957,0.004213
predictions_7-First-Solar_Winter_itransformer.csv,all,659,0.000000,0.039196,0.165339,0.991902,0.003979,0.000000,0.000000,0.000000,0.000000,0.000000,0.000000
predictions_7-First-Solar_Winter_itransformer.csv,daylight,300,54.476480,0.081670,0.244888,0.976676,0.008406,108.362015,48.113150,-1.535001,111.242633,-0.015226,0.004427
predictions_7-First-Solar_Winter_itransformer.csv,clock,362,45.068285,0.068703,0.222983,0.985345,0.007345,75.280376,34.864346,-0.660985,84.580990,-0.006556,0.003366
predictions_7-First-Solar_Winter_timesnet.csv,all,659,0.000000,0.062456,0.197727,0.988418,0.010595,0.000000,0.000000,0.000000,0.000000,0.000000,0.000000
predictions_7-First-Solar_Winter_timesnet.csv,daylight,300,54.476480,0.116731,0.291967,0.966846,0.009298,86.900842,47.661633,-2.182476,-12.242700,-0.021572,-0.001297
predictions_7-First-Solar_Winter_timesnet.csv,clock,362,45.068285,0.100260,0.266032,0.979140,0.009990,60.527577,34.545327,-0.938620,-5.705767,-0.009277,-0.000605
