Model,Params,Params_M,Latency_B1_mean_ms,Latency_B1_std_ms,Latency_B32_mean_ms,Latency_B32_std_ms,PeakMem_MB,Device,Error
Persistence,0,0.0,0.02081058919429779,0.0021426584373568777,0.020839576609432697,0.0016635487083271297,0.01513671875,cuda,
LSTM,333441,0.333441,0.3687430592253804,0.031240843584755804,0.3718817560002208,0.014786139715029446,19.5146484375,cuda,
TCN,31817,0.031817,0.9422609535977244,0.07221581033932357,0.9373117750510573,0.016945949973313165,9.42431640625,cuda,
iTransformer,3631013,3.631013,3.0227554868906736,0.1517084956670535,3.485066401772201,0.8584613053929987,25.27392578125,cuda,
iTransformer-LSTM,1313194,1.313194,3.959435955621302,0.11173742682905786,4.353237664327025,0.5218498258995606,23.2548828125,cuda,
QSTFM (gated),1315542,1.315542,4.520776383578777,0.07001245503528075,5.702784904278815,1.76497340388553,23.267578125,cuda,
DLinear,50,5e-05,0.6636294303461909,0.03365188921086279,0.7159330975264311,0.032710770750964645,8.20947265625,cuda,
TimesNet,9376246,9.376246,13.462166944518685,4.086899689494792,16.029365654103458,3.201441037659675,53.81640625,cuda,
FEDformer,168837,0.168837,23.330023074522614,2.6382040665581057,22.317667179740965,1.3008071188203945,13.72314453125,cuda,
